2021-01-01,18:30
2021-01-02,19:35
2021-01-03,20:41
2021-01-04,21:47
2021-01-05,22:53
2021-01-06,-:-
2021-01-07,00:00
2021-01-08,01:08
2021-01-09,02:18
2021-01-10,03:29
2021-01-11,04:40
2021-01-12,05:48
2021-01-13,06:48
2021-01-14,07:40
2021-01-15,08:24
2021-01-16,09:01
2021-01-17,09:32
2021-01-18,10:00
2021-01-19,10:26
2021-01-20,10:52
2021-01-21,11:18
2021-01-22,11:46
2021-01-23,12:17
2021-01-24,12:52
2021-01-25,13:33
2021-01-26,14:21
2021-01-27,15:15
2021-01-28,16:17
2021-01-29,17:22
2021-01-30,18:30
2021-01-31,19:38
2021-02-01,20:45
2021-02-02,21:53
2021-02-03,23:01
2021-02-04,-:-
2021-02-05,00:09
2021-02-06,01:19
2021-02-07,02:28
2021-02-08,03:35
2021-02-09,04:37
2021-02-10,05:31
2021-02-11,06:17
2021-02-12,06:57
2021-02-13,07:30
2021-02-14,07:59
2021-02-15,08:27
2021-02-16,08:52
2021-02-17,09:18
2021-02-18,09:45
2021-02-19,10:14
2021-02-20,10:47
2021-02-21,11:25
2021-02-22,12:09
2021-02-23,13:01
2021-02-24,13:59
2021-02-25,15:03
2021-02-26,16:11
2021-02-27,17:20
2021-02-28,18:30
2021-03-01,19:40
2021-03-02,20:50
2021-03-03,22:00
2021-03-04,23:11
2021-03-05,-:-
2021-03-06,00:22
2021-03-07,01:30
2021-03-08,02:32
2021-03-09,03:28
2021-03-10,04:15
2021-03-11,04:55
2021-03-12,05:30
2021-03-13,06:00
2021-03-14,06:28
2021-03-15,06:54
2021-03-16,07:19
2021-03-17,07:46
2021-03-18,08:14
2021-03-19,08:45
2021-03-20,09:20
2021-03-21,10:01
2021-03-22,10:49
2021-03-23,11:43
2021-03-24,12:43
2021-03-25,13:48
2021-03-26,14:57
2021-03-27,16:06
2021-03-28,17:17
2021-03-29,18:29
2021-03-30,19:41
2021-03-31,20:55
2021-04-01,22:09
2021-04-02,23:21
2021-04-03,-:-
2021-04-04,00:27
2021-04-05,01:26
2021-04-06,02:16
2021-04-07,02:57
2021-04-08,03:33
2021-04-09,04:04
2021-04-10,04:31
2021-04-11,04:57
2021-04-12,05:22
2021-04-13,05:48
2021-04-14,06:15
2021-04-15,06:45
2021-04-16,07:19
2021-04-17,07:57
2021-04-18,08:42
2021-04-19,09:32
2021-04-20,10:29
2021-04-21,11:31
2021-04-22,12:36
2021-04-23,13:43
2021-04-24,14:52
2021-04-25,16:03
2021-04-26,17:15
2021-04-27,18:29
2021-04-28,19:45
2021-04-29,21:01
2021-04-30,22:13
2021-05-01,23:18
2021-05-02,-:-
2021-05-03,00:13
2021-05-04,00:58
2021-05-05,01:36
2021-05-06,02:08
2021-05-07,02:36
2021-05-08,03:02
2021-05-09,03:27
2021-05-10,03:52
2021-05-11,04:19
2021-05-12,04:47
2021-05-13,05:19
2021-05-14,05:56
2021-05-15,06:38
2021-05-16,07:27
2021-05-17,08:21
2021-05-18,09:20
2021-05-19,10:23
2021-05-20,11:28
2021-05-21,12:33
2021-05-22,13:41
2021-05-23,14:50
2021-05-24,16:02
2021-05-25,17:17
2021-05-26,18:33
2021-05-27,19:49
2021-05-28,20:59
2021-05-29,22:01
2021-05-30,22:53
2021-05-31,23:35
2021-06-01,-:-
2021-06-02,00:10
2021-06-03,00:40
2021-06-04,01:07
2021-06-05,01:32
2021-06-06,01:57
2021-06-07,02:23
2021-06-08,02:50
2021-06-09,03:21
2021-06-10,03:56
2021-06-11,04:37
2021-06-12,05:24
2021-06-13,06:16
2021-06-14,07:14
2021-06-15,08:16
2021-06-16,09:19
2021-06-17,10:23
2021-06-18,11:28
2021-06-19,12:34
2021-06-20,13:42
2021-06-21,14:53
2021-06-22,16:07
2021-06-23,17:22
2021-06-24,18:36
2021-06-25,19:43
2021-06-26,20:40
2021-06-27,21:28
2021-06-28,22:07
2021-06-29,22:40
2021-06-30,23:08
2021-07-01,23:35
2021-07-02,-:-
2021-07-03,00:00
2021-07-04,00:25
2021-07-05,00:52
2021-07-06,01:22
2021-07-07,01:56
2021-07-08,02:34
2021-07-09,03:19
2021-07-10,04:11
2021-07-11,05:08
2021-07-12,06:09
2021-07-13,07:12
2021-07-14,08:17
2021-07-15,09:21
2021-07-16,10:26
2021-07-17,11:32
2021-07-18,12:39
2021-07-19,13:50
2021-07-20,15:02
2021-07-21,16:15
2021-07-22,17:24
2021-07-23,18:25
2021-07-24,19:17
2021-07-25,20:00
2021-07-26,20:36
2021-07-27,21:07
2021-07-28,21:35
2021-07-29,22:01
2021-07-30,22:27
2021-07-31,22:53
2021-08-01,23:22
2021-08-02,23:54
2021-08-03,-:-
2021-08-04,00:31
2021-08-05,01:13
2021-08-06,02:02
2021-08-07,02:58
2021-08-08,03:58
2021-08-09,05:02
2021-08-10,06:07
2021-08-11,07:13
2021-08-12,08:19
2021-08-13,09:25
2021-08-14,10:32
2021-08-15,11:41
2021-08-16,12:51
2021-08-17,14:02
2021-08-18,15:11
2021-08-19,16:14
2021-08-20,17:08
2021-08-21,17:54
2021-08-22,18:32
2021-08-23,19:05
2021-08-24,19:34
2021-08-25,20:01
2021-08-26,20:27
2021-08-27,20:53
2021-08-28,21:21
2021-08-29,21:52
2021-08-30,22:26
2021-08-31,23:06
2021-09-01,23:53
2021-09-02,-:-
2021-09-03,00:45
2021-09-04,01:44
2021-09-05,02:47
2021-09-06,03:52
2021-09-07,04:59
2021-09-08,06:06
2021-09-09,07:14
2021-09-10,08:22
2021-09-11,09:32
2021-09-12,10:44
2021-09-13,11:55
2021-09-14,13:04
2021-09-15,14:08
2021-09-16,15:04
2021-09-17,15:51
2021-09-18,16:31
2021-09-19,17:05
2021-09-20,17:35
2021-09-21,18:02
2021-09-22,18:28
2021-09-23,18:54
2021-09-24,19:21
2021-09-25,19:50
2021-09-26,20:23
2021-09-27,21:00
2021-09-28,21:44
2021-09-29,22:33
2021-09-30,23:29
2021-10-01,-:-
2021-10-02,00:30
2021-10-03,01:33
2021-10-04,02:39
2021-10-05,03:46
2021-10-06,04:54
2021-10-07,06:04
2021-10-08,07:16
2021-10-09,08:29
2021-10-10,09:43
2021-10-11,10:56
2021-10-12,12:03
2021-10-13,13:02
2021-10-14,13:52
2021-10-15,14:33
2021-10-16,15:08
2021-10-17,15:38
2021-10-18,16:05
2021-10-19,16:31
2021-10-20,16:56
2021-10-21,17:22
2021-10-22,17:50
2021-10-23,18:22
2021-10-24,18:57
2021-10-25,19:38
2021-10-26,20:25
2021-10-27,21:18
2021-10-28,22:15
2021-10-29,23:16
2021-10-30,-:-
2021-10-31,00:20
2021-11-01,01:25
2021-11-02,02:31
2021-11-03,03:40
2021-11-04,04:50
2021-11-05,06:04
2021-11-06,07:20
2021-11-07,08:37
2021-11-08,09:49
2021-11-09,10:54
2021-11-10,11:49
2021-11-11,12:34
2021-11-12,13:11
2021-11-13,13:42
2021-11-14,14:10
2021-11-15,14:35
2021-11-16,15:00
2021-11-17,15:26
2021-11-18,15:53
2021-11-19,16:23
2021-11-20,16:57
2021-11-21,17:36
2021-11-22,18:20
2021-11-23,19:11
2021-11-24,20:06
2021-11-25,21:05
2021-11-26,22:07
2021-11-27,23:09
2021-11-28,-:-
2021-11-29,00:13
2021-11-30,01:18
2021-12-01,02:25
2021-12-02,03:36
2021-12-03,04:50
2021-12-04,06:07
2021-12-05,07:24
2021-12-06,08:35
2021-12-07,09:37
2021-12-08,10:28
2021-12-09,11:10
2021-12-10,11:44
2021-12-11,12:13
2021-12-12,12:40
2021-12-13,13:05
2021-12-14,13:30
2021-12-15,13:56
2021-12-16,14:25
2021-12-17,14:57
2021-12-18,15:35
2021-12-19,16:17
2021-12-20,17:06
2021-12-21,18:01
2021-12-22,18:59
2021-12-23,19:59
2021-12-24,21:01
2021-12-25,22:02
2021-12-26,23:05
2021-12-27,-:-
2021-12-28,00:09
2021-12-29,01:15
2021-12-30,02:25
2021-12-31,03:38
